time,emissions,city,year,pollutant,sector
2010-01-15,72588.31,Beijing,2010,SO2,POWER_INDUSTRY
2010-02-15,56080.805,Beijing,2010,SO2,POWER_INDUSTRY
2010-03-15,69795.836,Beijing,2010,SO2,POWER_INDUSTRY
2010-04-15,66915.6,Beijing,2010,SO2,POWER_INDUSTRY
2010-05-15,65439.582,Beijing,2010,SO2,POWER_INDUSTRY
2010-06-15,63349.215,Beijing,2010,SO2,POWER_INDUSTRY
2010-07-15,68032.59,Beijing,2010,SO2,POWER_INDUSTRY
2010-08-15,70936.76,Beijing,2010,SO2,POWER_INDUSTRY
2010-09-15,62718.914,Beijing,2010,SO2,POWER_INDUSTRY
2010-10-15,61721.6,Beijing,2010,SO2,POWER_INDUSTRY
2010-11-15,67146.97,Beijing,2010,SO2,POWER_INDUSTRY
2010-12-15,73122.87,Beijing,2010,SO2,POWER_INDUSTRY
2011-01-15,72295.84,Beijing,2011,SO2,POWER_INDUSTRY
2011-02-15,59745.73,Beijing,2011,SO2,POWER_INDUSTRY
2011-03-15,73597.08,Beijing,2011,SO2,POWER_INDUSTRY
2011-04-15,69650.555,Beijing,2011,SO2,POWER_INDUSTRY
2011-05-15,69941.625,Beijing,2011,SO2,POWER_INDUSTRY
2011-06-15,70986.04,Beijing,2011,SO2,POWER_INDUSTRY
2011-07-15,76696.086,Beijing,2011,SO2,POWER_INDUSTRY
2011-08-15,78005.89,Beijing,2011,SO2,POWER_INDUSTRY
2011-09-15,71037.41,Beijing,2011,SO2,POWER_INDUSTRY
2011-10-15,67544.6,Beijing,2011,SO2,POWER_INDUSTRY
2011-11-15,69273.88,Beijing,2011,SO2,POWER_INDUSTRY
2011-12-15,77303.9,Beijing,2011,SO2,POWER_INDUSTRY
2012-01-15,69029.3,Beijing,2012,SO2,POWER_INDUSTRY
2012-02-15,73738.03,Beijing,2012,SO2,POWER_INDUSTRY
2012-03-15,80617.32,Beijing,2012,SO2,POWER_INDUSTRY
2012-04-15,71147.34,Beijing,2012,SO2,POWER_INDUSTRY
2012-05-15,70359.65,Beijing,2012,SO2,POWER_INDUSTRY
2012-06-15,69055.55,Beijing,2012,SO2,POWER_INDUSTRY
2012-07-15,74858.32,Beijing,2012,SO2,POWER_INDUSTRY
2012-08-15,74692.02,Beijing,2012,SO2,POWER_INDUSTRY
2012-09-15,66359.84,Beijing,2012,SO2,POWER_INDUSTRY
2012-10-15,68101.555,Beijing,2012,SO2,POWER_INDUSTRY
2012-11-15,74403.2,Beijing,2012,SO2,POWER_INDUSTRY
2012-12-15,82866.664,Beijing,2012,SO2,POWER_INDUSTRY
2013-01-15,69256.61,Beijing,2013,SO2,POWER_INDUSTRY
2013-02-15,69256.61,Beijing,2013,SO2,POWER_INDUSTRY
2013-03-15,75617.83,Beijing,2013,SO2,POWER_INDUSTRY
2013-04-15,70869.31,Beijing,2013,SO2,POWER_INDUSTRY
2013-05-15,69758.34,Beijing,2013,SO2,POWER_INDUSTRY
2013-06-15,69426.84,Beijing,2013,SO2,POWER_INDUSTRY
2013-07-15,80357.37,Beijing,2013,SO2,POWER_INDUSTRY
2013-08-15,84640.0,Beijing,2013,SO2,POWER_INDUSTRY
2013-09-15,71227.69,Beijing,2013,SO2,POWER_INDUSTRY
2013-10-15,72804.555,Beijing,2013,SO2,POWER_INDUSTRY
2013-11-15,76827.35,Beijing,2013,SO2,POWER_INDUSTRY
2013-12-15,85903.28,Beijing,2013,SO2,POWER_INDUSTRY
2014-01-15,77257.99,Beijing,2014,SO2,POWER_INDUSTRY
2014-02-15,67052.47,Beijing,2014,SO2,POWER_INDUSTRY
2014-03-15,78201.664,Beijing,2014,SO2,POWER_INDUSTRY
2014-04-15,71106.72,Beijing,2014,SO2,POWER_INDUSTRY
2014-05-15,70897.016,Beijing,2014,SO2,POWER_INDUSTRY
2014-06-15,72085.33,Beijing,2014,SO2,POWER_INDUSTRY
2014-07-15,76279.38,Beijing,2014,SO2,POWER_INDUSTRY
2014-08-15,73518.3,Beijing,2014,SO2,POWER_INDUSTRY
2014-09-15,65602.016,Beijing,2014,SO2,POWER_INDUSTRY
2014-10-15,66886.445,Beijing,2014,SO2,POWER_INDUSTRY
2014-11-15,71997.95,Beijing,2014,SO2,POWER_INDUSTRY
2014-12-15,82876.29,Beijing,2014,SO2,POWER_INDUSTRY
2015-01-15,81655.6,Beijing,2015,SO2,POWER_INDUSTRY
2015-02-15,57407.656,Beijing,2015,SO2,POWER_INDUSTRY
2015-03-15,68839.77,Beijing,2015,SO2,POWER_INDUSTRY
2015-04-15,67085.43,Beijing,2015,SO2,POWER_INDUSTRY
2015-05-15,67744.33,Beijing,2015,SO2,POWER_INDUSTRY
2015-06-15,66154.71,Beijing,2015,SO2,POWER_INDUSTRY
2015-07-15,71911.945,Beijing,2015,SO2,POWER_INDUSTRY
2015-08-15,74234.62,Beijing,2015,SO2,POWER_INDUSTRY
2015-09-15,61962.39,Beijing,2015,SO2,POWER_INDUSTRY
2015-10-15,61287.0,Beijing,2015,SO2,POWER_INDUSTRY
2015-11-15,69515.16,Beijing,2015,SO2,POWER_INDUSTRY
2015-12-15,75840.71,Beijing,2015,SO2,POWER_INDUSTRY
2010-01-15,63934.035,Guangzhou,2010,SO2,POWER_INDUSTRY
2010-02-15,50135.67,Guangzhou,2010,SO2,POWER_INDUSTRY
2010-03-15,61190.29,Guangzhou,2010,SO2,POWER_INDUSTRY
2010-04-15,57990.906,Guangzhou,2010,SO2,POWER_INDUSTRY
2010-05-15,56430.67,Guangzhou,2010,SO2,POWER_INDUSTRY
2010-06-15,55295.992,Guangzhou,2010,SO2,POWER_INDUSTRY
2010-07-15,59949.227,Guangzhou,2010,SO2,POWER_INDUSTRY
2010-08-15,62852.22,Guangzhou,2010,SO2,POWER_INDUSTRY
2010-09-15,55682.15,Guangzhou,2010,SO2,POWER_INDUSTRY
2010-10-15,54008.96,Guangzhou,2010,SO2,POWER_INDUSTRY
2010-11-15,58628.04,Guangzhou,2010,SO2,POWER_INDUSTRY
2010-12-15,64395.285,Guangzhou,2010,SO2,POWER_INDUSTRY
2011-01-15,67716.92,Guangzhou,2011,SO2,POWER_INDUSTRY
2011-02-15,55590.77,Guangzhou,2011,SO2,POWER_INDUSTRY
2011-03-15,67335.24,Guangzhou,2011,SO2,POWER_INDUSTRY
2011-04-15,62812.363,Guangzhou,2011,SO2,POWER_INDUSTRY
2011-05-15,62913.504,Guangzhou,2011,SO2,POWER_INDUSTRY
2011-06-15,64421.656,Guangzhou,2011,SO2,POWER_INDUSTRY
2011-07-15,69898.63,Guangzhou,2011,SO2,POWER_INDUSTRY
2011-08-15,71213.945,Guangzhou,2011,SO2,POWER_INDUSTRY
2011-09-15,65111.53,Guangzhou,2011,SO2,POWER_INDUSTRY
2011-10-15,62268.535,Guangzhou,2011,SO2,POWER_INDUSTRY
2011-11-15,63881.562,Guangzhou,2011,SO2,POWER_INDUSTRY
2011-12-15,71910.08,Guangzhou,2011,SO2,POWER_INDUSTRY
2012-01-15,63748.098,Guangzhou,2012,SO2,POWER_INDUSTRY
2012-02-15,67338.96,Guangzhou,2012,SO2,POWER_INDUSTRY
2012-03-15,72383.04,Guangzhou,2012,SO2,POWER_INDUSTRY
2012-04-15,63751.082,Guangzhou,2012,SO2,POWER_INDUSTRY
2012-05-15,63006.867,Guangzhou,2012,SO2,POWER_INDUSTRY
2012-06-15,62104.688,Guangzhou,2012,SO2,POWER_INDUSTRY
2012-07-15,67664.43,Guangzhou,2012,SO2,POWER_INDUSTRY
2012-08-15,67807.7,Guangzhou,2012,SO2,POWER_INDUSTRY
2012-09-15,60151.617,Guangzhou,2012,SO2,POWER_INDUSTRY
2012-10-15,61375.71,Guangzhou,2012,SO2,POWER_INDUSTRY
2012-11-15,67074.81,Guangzhou,2012,SO2,POWER_INDUSTRY
2012-12-15,74940.05,Guangzhou,2012,SO2,POWER_INDUSTRY
2013-01-15,66030.99,Guangzhou,2013,SO2,POWER_INDUSTRY
2013-02-15,64882.71,Guangzhou,2013,SO2,POWER_INDUSTRY
2013-03-15,69928.93,Guangzhou,2013,SO2,POWER_INDUSTRY
2013-04-15,65574.05,Guangzhou,2013,SO2,POWER_INDUSTRY
2013-05-15,64650.168,Guangzhou,2013,SO2,POWER_INDUSTRY
2013-06-15,64605.332,Guangzhou,2013,SO2,POWER_INDUSTRY
2013-07-15,74524.125,Guangzhou,2013,SO2,POWER_INDUSTRY
2013-08-15,78298.36,Guangzhou,2013,SO2,POWER_INDUSTRY
2013-09-15,65791.86,Guangzhou,2013,SO2,POWER_INDUSTRY
2013-10-15,67369.68,Guangzhou,2013,SO2,POWER_INDUSTRY
2013-11-15,70852.34,Guangzhou,2013,SO2,POWER_INDUSTRY
2013-12-15,79472.89,Guangzhou,2013,SO2,POWER_INDUSTRY
2014-01-15,74562.08,Guangzhou,2014,SO2,POWER_INDUSTRY
2014-02-15,65274.152,Guangzhou,2014,SO2,POWER_INDUSTRY
2014-03-15,74651.305,Guangzhou,2014,SO2,POWER_INDUSTRY
2014-04-15,67351.45,Guangzhou,2014,SO2,POWER_INDUSTRY
2014-05-15,67070.78,Guangzhou,2014,SO2,POWER_INDUSTRY
2014-06-15,68439.81,Guangzhou,2014,SO2,POWER_INDUSTRY
2014-07-15,73057.46,Guangzhou,2014,SO2,POWER_INDUSTRY
2014-08-15,70256.14,Guangzhou,2014,SO2,POWER_INDUSTRY
2014-09-15,62935.56,Guangzhou,2014,SO2,POWER_INDUSTRY
2014-10-15,63865.176,Guangzhou,2014,SO2,POWER_INDUSTRY
2014-11-15,68484.94,Guangzhou,2014,SO2,POWER_INDUSTRY
2014-12-15,79293.914,Guangzhou,2014,SO2,POWER_INDUSTRY
2015-01-15,75998.78,Guangzhou,2015,SO2,POWER_INDUSTRY
2015-02-15,54999.63,Guangzhou,2015,SO2,POWER_INDUSTRY
2015-03-15,64578.742,Guangzhou,2015,SO2,POWER_INDUSTRY
2015-04-15,62067.242,Guangzhou,2015,SO2,POWER_INDUSTRY
2015-05-15,62475.336,Guangzhou,2015,SO2,POWER_INDUSTRY
2015-06-15,61447.504,Guangzhou,2015,SO2,POWER_INDUSTRY
2015-07-15,66917.016,Guangzhou,2015,SO2,POWER_INDUSTRY
2015-08-15,69334.44,Guangzhou,2015,SO2,POWER_INDUSTRY
2015-09-15,57865.17,Guangzhou,2015,SO2,POWER_INDUSTRY
2015-10-15,57526.562,Guangzhou,2015,SO2,POWER_INDUSTRY
2015-11-15,64433.082,Guangzhou,2015,SO2,POWER_INDUSTRY
2015-12-15,70266.67,Guangzhou,2015,SO2,POWER_INDUSTRY
2010-01-15,35893.234,Shenyang,2010,SO2,POWER_INDUSTRY
2010-02-15,28467.578,Shenyang,2010,SO2,POWER_INDUSTRY
2010-03-15,33848.15,Shenyang,2010,SO2,POWER_INDUSTRY
2010-04-15,32069.32,Shenyang,2010,SO2,POWER_INDUSTRY
2010-05-15,31567.986,Shenyang,2010,SO2,POWER_INDUSTRY
2010-06-15,30877.957,Shenyang,2010,SO2,POWER_INDUSTRY
2010-07-15,33496.92,Shenyang,2010,SO2,POWER_INDUSTRY
2010-08-15,34470.0,Shenyang,2010,SO2,POWER_INDUSTRY
2010-09-15,31020.693,Shenyang,2010,SO2,POWER_INDUSTRY
2010-10-15,30655.201,Shenyang,2010,SO2,POWER_INDUSTRY
2010-11-15,32787.656,Shenyang,2010,SO2,POWER_INDUSTRY
2010-12-15,35881.375,Shenyang,2010,SO2,POWER_INDUSTRY
2011-01-15,33915.832,Shenyang,2011,SO2,POWER_INDUSTRY
2011-02-15,28335.621,Shenyang,2011,SO2,POWER_INDUSTRY
2011-03-15,34005.496,Shenyang,2011,SO2,POWER_INDUSTRY
2011-04-15,31517.098,Shenyang,2011,SO2,POWER_INDUSTRY
2011-05-15,31752.082,Shenyang,2011,SO2,POWER_INDUSTRY
2011-06-15,32242.072,Shenyang,2011,SO2,POWER_INDUSTRY
2011-07-15,34966.113,Shenyang,2011,SO2,POWER_INDUSTRY
2011-08-15,35276.69,Shenyang,2011,SO2,POWER_INDUSTRY
2011-09-15,32278.75,Shenyang,2011,SO2,POWER_INDUSTRY
2011-10-15,30746.27,Shenyang,2011,SO2,POWER_INDUSTRY
2011-11-15,31896.422,Shenyang,2011,SO2,POWER_INDUSTRY
2011-12-15,35164.582,Shenyang,2011,SO2,POWER_INDUSTRY
2012-01-15,31968.209,Shenyang,2012,SO2,POWER_INDUSTRY
2012-02-15,33792.18,Shenyang,2012,SO2,POWER_INDUSTRY
2012-03-15,35600.133,Shenyang,2012,SO2,POWER_INDUSTRY
2012-04-15,31237.738,Shenyang,2012,SO2,POWER_INDUSTRY
2012-05-15,31111.328,Shenyang,2012,SO2,POWER_INDUSTRY
2012-06-15,30849.5,Shenyang,2012,SO2,POWER_INDUSTRY
2012-07-15,33514.3,Shenyang,2012,SO2,POWER_INDUSTRY
2012-08-15,33370.977,Shenyang,2012,SO2,POWER_INDUSTRY
2012-09-15,29762.957,Shenyang,2012,SO2,POWER_INDUSTRY
2012-10-15,30721.016,Shenyang,2012,SO2,POWER_INDUSTRY
2012-11-15,33154.42,Shenyang,2012,SO2,POWER_INDUSTRY
2012-12-15,36926.797,Shenyang,2012,SO2,POWER_INDUSTRY
2013-01-15,30383.16,Shenyang,2013,SO2,POWER_INDUSTRY
2013-02-15,29930.879,Shenyang,2013,SO2,POWER_INDUSTRY
2013-03-15,32180.59,Shenyang,2013,SO2,POWER_INDUSTRY
2013-04-15,29887.543,Shenyang,2013,SO2,POWER_INDUSTRY
2013-05-15,29508.66,Shenyang,2013,SO2,POWER_INDUSTRY
2013-06-15,29444.156,Shenyang,2013,SO2,POWER_INDUSTRY
2013-07-15,34168.547,Shenyang,2013,SO2,POWER_INDUSTRY
2013-08-15,35732.04,Shenyang,2013,SO2,POWER_INDUSTRY
2013-09-15,30413.547,Shenyang,2013,SO2,POWER_INDUSTRY
2013-10-15,31108.482,Shenyang,2013,SO2,POWER_INDUSTRY
2013-11-15,32598.502,Shenyang,2013,SO2,POWER_INDUSTRY
2013-12-15,36571.082,Shenyang,2013,SO2,POWER_INDUSTRY
2014-01-15,33957.08,Shenyang,2014,SO2,POWER_INDUSTRY
2014-02-15,29290.469,Shenyang,2014,SO2,POWER_INDUSTRY
2014-03-15,33424.426,Shenyang,2014,SO2,POWER_INDUSTRY
2014-04-15,30284.043,Shenyang,2014,SO2,POWER_INDUSTRY
2014-05-15,30515.203,Shenyang,2014,SO2,POWER_INDUSTRY
2014-06-15,31247.4,Shenyang,2014,SO2,POWER_INDUSTRY
2014-07-15,33247.082,Shenyang,2014,SO2,POWER_INDUSTRY
2014-08-15,32102.852,Shenyang,2014,SO2,POWER_INDUSTRY
2014-09-15,28975.592,Shenyang,2014,SO2,POWER_INDUSTRY
2014-10-15,29443.756,Shenyang,2014,SO2,POWER_INDUSTRY
2014-11-15,31329.973,Shenyang,2014,SO2,POWER_INDUSTRY
2014-12-15,35948.51,Shenyang,2014,SO2,POWER_INDUSTRY
2015-01-15,34060.03,Shenyang,2015,SO2,POWER_INDUSTRY
2015-02-15,24481.324,Shenyang,2015,SO2,POWER_INDUSTRY
2015-03-15,28570.45,Shenyang,2015,SO2,POWER_INDUSTRY
2015-04-15,27404.77,Shenyang,2015,SO2,POWER_INDUSTRY
2015-05-15,27698.684,Shenyang,2015,SO2,POWER_INDUSTRY
2015-06-15,27316.918,Shenyang,2015,SO2,POWER_INDUSTRY
2015-07-15,30000.125,Shenyang,2015,SO2,POWER_INDUSTRY
2015-08-15,30725.637,Shenyang,2015,SO2,POWER_INDUSTRY
2015-09-15,25927.959,Shenyang,2015,SO2,POWER_INDUSTRY
2015-10-15,25752.926,Shenyang,2015,SO2,POWER_INDUSTRY
2015-11-15,29148.477,Shenyang,2015,SO2,POWER_INDUSTRY
2015-12-15,31676.305,Shenyang,2015,SO2,POWER_INDUSTRY
2010-01-15,73264.734,Shanghai,2010,SO2,POWER_INDUSTRY
2010-02-15,56640.32,Shanghai,2010,SO2,POWER_INDUSTRY
2010-03-15,70439.64,Shanghai,2010,SO2,POWER_INDUSTRY
2010-04-15,67489.69,Shanghai,2010,SO2,POWER_INDUSTRY
2010-05-15,65972.45,Shanghai,2010,SO2,POWER_INDUSTRY
2010-06-15,63901.17,Shanghai,2010,SO2,POWER_INDUSTRY
2010-07-15,68641.89,Shanghai,2010,SO2,POWER_INDUSTRY
2010-08-15,71565.15,Shanghai,2010,SO2,POWER_INDUSTRY
2010-09-15,63287.336,Shanghai,2010,SO2,POWER_INDUSTRY
2010-10-15,62276.805,Shanghai,2010,SO2,POWER_INDUSTRY
2010-11-15,67743.27,Shanghai,2010,SO2,POWER_INDUSTRY
2010-12-15,73822.375,Shanghai,2010,SO2,POWER_INDUSTRY
2011-01-15,74139.95,Shanghai,2011,SO2,POWER_INDUSTRY
2011-02-15,61227.86,Shanghai,2011,SO2,POWER_INDUSTRY
2011-03-15,75369.03,Shanghai,2011,SO2,POWER_INDUSTRY
2011-04-15,71288.15,Shanghai,2011,SO2,POWER_INDUSTRY
2011-05-15,71561.81,Shanghai,2011,SO2,POWER_INDUSTRY
2011-06-15,72655.234,Shanghai,2011,SO2,POWER_INDUSTRY
2011-07-15,78487.47,Shanghai,2011,SO2,POWER_INDUSTRY
2011-08-15,79814.93,Shanghai,2011,SO2,POWER_INDUSTRY
2011-09-15,72717.445,Shanghai,2011,SO2,POWER_INDUSTRY
2011-10-15,69171.305,Shanghai,2011,SO2,POWER_INDUSTRY
2011-11-15,70946.55,Shanghai,2011,SO2,POWER_INDUSTRY
2011-12-15,79205.36,Shanghai,2011,SO2,POWER_INDUSTRY
2012-01-15,68341.47,Shanghai,2012,SO2,POWER_INDUSTRY
2012-02-15,72945.58,Shanghai,2012,SO2,POWER_INDUSTRY
2012-03-15,79680.266,Shanghai,2012,SO2,POWER_INDUSTRY
2012-04-15,70312.45,Shanghai,2012,SO2,POWER_INDUSTRY
2012-05-15,69536.83,Shanghai,2012,SO2,POWER_INDUSTRY
2012-06-15,68266.36,Shanghai,2012,SO2,POWER_INDUSTRY
2012-07-15,74020.53,Shanghai,2012,SO2,POWER_INDUSTRY
2012-08-15,73851.13,Shanghai,2012,SO2,POWER_INDUSTRY
2012-09-15,65589.03,Shanghai,2012,SO2,POWER_INDUSTRY
2012-10-15,67317.09,Shanghai,2012,SO2,POWER_INDUSTRY
2012-11-15,73578.875,Shanghai,2012,SO2,POWER_INDUSTRY
2012-12-15,81955.44,Shanghai,2012,SO2,POWER_INDUSTRY
2013-01-15,67408.1,Shanghai,2013,SO2,POWER_INDUSTRY
2013-02-15,67317.09,Shanghai,2013,SO2,POWER_INDUSTRY
2013-03-15,73474.99,Shanghai,2013,SO2,POWER_INDUSTRY
2013-04-15,68872.164,Shanghai,2013,SO2,POWER_INDUSTRY
2013-05-15,67802.03,Shanghai,2013,SO2,POWER_INDUSTRY
2013-06-15,67498.86,Shanghai,2013,SO2,POWER_INDUSTRY
2013-07-15,78082.375,Shanghai,2013,SO2,POWER_INDUSTRY
2013-08-15,82215.41,Shanghai,2013,SO2,POWER_INDUSTRY
2013-09-15,69174.945,Shanghai,2013,SO2,POWER_INDUSTRY
2013-10-15,70715.47,Shanghai,2013,SO2,POWER_INDUSTRY
2013-11-15,74621.16,Shanghai,2013,SO2,POWER_INDUSTRY
2013-12-15,83451.69,Shanghai,2013,SO2,POWER_INDUSTRY
2014-01-15,76046.17,Shanghai,2014,SO2,POWER_INDUSTRY
2014-02-15,66022.24,Shanghai,2014,SO2,POWER_INDUSTRY
2014-03-15,76954.58,Shanghai,2014,SO2,POWER_INDUSTRY
2014-04-15,69948.305,Shanghai,2014,SO2,POWER_INDUSTRY
2014-05-15,69740.984,Shanghai,2014,SO2,POWER_INDUSTRY
2014-06-15,70921.06,Shanghai,2014,SO2,POWER_INDUSTRY
2014-07-15,75075.8,Shanghai,2014,SO2,POWER_INDUSTRY
2014-08-15,72336.11,Shanghai,2014,SO2,POWER_INDUSTRY
2014-09-15,64571.15,Shanghai,2014,SO2,POWER_INDUSTRY
2014-10-15,65814.66,Shanghai,2014,SO2,POWER_INDUSTRY
2014-11-15,70831.88,Shanghai,2014,SO2,POWER_INDUSTRY
2014-12-15,81560.47,Shanghai,2014,SO2,POWER_INDUSTRY
2015-01-15,79996.18,Shanghai,2015,SO2,POWER_INDUSTRY
2015-02-15,56325.188,Shanghai,2015,SO2,POWER_INDUSTRY
2015-03-15,67484.766,Shanghai,2015,SO2,POWER_INDUSTRY
2015-04-15,65715.55,Shanghai,2015,SO2,POWER_INDUSTRY
2015-05-15,66354.91,Shanghai,2015,SO2,POWER_INDUSTRY
2015-06-15,64810.633,Shanghai,2015,SO2,POWER_INDUSTRY
2015-07-15,70434.18,Shanghai,2015,SO2,POWER_INDUSTRY
2015-08-15,72740.31,Shanghai,2015,SO2,POWER_INDUSTRY
2015-09-15,60728.086,Shanghai,2015,SO2,POWER_INDUSTRY
2015-10-15,60080.5,Shanghai,2015,SO2,POWER_INDUSTRY
2015-11-15,68084.44,Shanghai,2015,SO2,POWER_INDUSTRY
2015-12-15,74278.8,Shanghai,2015,SO2,POWER_INDUSTRY
2010-01-15,16795.383,Chengdu,2010,SO2,POWER_INDUSTRY
2010-02-15,12975.9,Chengdu,2010,SO2,POWER_INDUSTRY
2010-03-15,16149.264,Chengdu,2010,SO2,POWER_INDUSTRY
2010-04-15,15482.838,Chengdu,2010,SO2,POWER_INDUSTRY
2010-05-15,15141.319,Chengdu,2010,SO2,POWER_INDUSTRY
2010-06-15,14657.654,Chengdu,2010,SO2,POWER_INDUSTRY
2010-07-15,15741.286,Chengdu,2010,SO2,POWER_INDUSTRY
2010-08-15,16413.25,Chengdu,2010,SO2,POWER_INDUSTRY
2010-09-15,14511.816,Chengdu,2010,SO2,POWER_INDUSTRY
2010-10-15,14281.059,Chengdu,2010,SO2,POWER_INDUSTRY
2010-11-15,15536.374,Chengdu,2010,SO2,POWER_INDUSTRY
2010-12-15,16919.068,Chengdu,2010,SO2,POWER_INDUSTRY
2011-01-15,17701.635,Chengdu,2011,SO2,POWER_INDUSTRY
2011-02-15,14628.74,Chengdu,2011,SO2,POWER_INDUSTRY
2011-03-15,18020.242,Chengdu,2011,SO2,POWER_INDUSTRY
2011-04-15,17053.938,Chengdu,2011,SO2,POWER_INDUSTRY
2011-05-15,17125.205,Chengdu,2011,SO2,POWER_INDUSTRY
2011-06-15,17380.93,Chengdu,2011,SO2,POWER_INDUSTRY
2011-07-15,18779.033,Chengdu,2011,SO2,POWER_INDUSTRY
2011-08-15,19099.738,Chengdu,2011,SO2,POWER_INDUSTRY
2011-09-15,17393.506,Chengdu,2011,SO2,POWER_INDUSTRY
2011-10-15,16538.293,Chengdu,2011,SO2,POWER_INDUSTRY
2011-11-15,16961.707,Chengdu,2011,SO2,POWER_INDUSTRY
2011-12-15,18927.857,Chengdu,2011,SO2,POWER_INDUSTRY
2012-01-15,17134.4,Chengdu,2012,SO2,POWER_INDUSTRY
2012-02-15,18303.197,Chengdu,2012,SO2,POWER_INDUSTRY
2012-03-15,20010.771,Chengdu,2012,SO2,POWER_INDUSTRY
2012-04-15,17660.14,Chengdu,2012,SO2,POWER_INDUSTRY
2012-05-15,17464.617,Chengdu,2012,SO2,POWER_INDUSTRY
2012-06-15,17140.918,Chengdu,2012,SO2,POWER_INDUSTRY
2012-07-15,18581.275,Chengdu,2012,SO2,POWER_INDUSTRY
2012-08-15,18539.998,Chengdu,2012,SO2,POWER_INDUSTRY
2012-09-15,16471.791,Chengdu,2012,SO2,POWER_INDUSTRY
2012-10-15,16904.117,Chengdu,2012,SO2,POWER_INDUSTRY
2012-11-15,18468.307,Chengdu,2012,SO2,POWER_INDUSTRY
2012-12-15,20569.102,Chengdu,2012,SO2,POWER_INDUSTRY
2013-01-15,18123.842,Chengdu,2013,SO2,POWER_INDUSTRY
2013-02-15,18123.842,Chengdu,2013,SO2,POWER_INDUSTRY
2013-03-15,19788.516,Chengdu,2013,SO2,POWER_INDUSTRY
2013-04-15,18545.871,Chengdu,2013,SO2,POWER_INDUSTRY
2013-05-15,18255.139,Chengdu,2013,SO2,POWER_INDUSTRY
2013-06-15,18168.389,Chengdu,2013,SO2,POWER_INDUSTRY
2013-07-15,21028.812,Chengdu,2013,SO2,POWER_INDUSTRY
2013-08-15,22149.54,Chengdu,2013,SO2,POWER_INDUSTRY
2013-09-15,18639.654,Chengdu,2013,SO2,POWER_INDUSTRY
2013-10-15,19052.307,Chengdu,2013,SO2,POWER_INDUSTRY
2013-11-15,20105.037,Chengdu,2013,SO2,POWER_INDUSTRY
2013-12-15,22480.129,Chengdu,2013,SO2,POWER_INDUSTRY
2014-01-15,20368.656,Chengdu,2014,SO2,POWER_INDUSTRY
2014-02-15,17678.023,Chengdu,2014,SO2,POWER_INDUSTRY
2014-03-15,20617.45,Chengdu,2014,SO2,POWER_INDUSTRY
2014-04-15,18746.906,Chengdu,2014,SO2,POWER_INDUSTRY
2014-05-15,18691.62,Chengdu,2014,SO2,POWER_INDUSTRY
2014-06-15,19004.912,Chengdu,2014,SO2,POWER_INDUSTRY
2014-07-15,20110.652,Chengdu,2014,SO2,POWER_INDUSTRY
2014-08-15,19382.705,Chengdu,2014,SO2,POWER_INDUSTRY
2014-09-15,17295.623,Chengdu,2014,SO2,POWER_INDUSTRY
2014-10-15,17634.254,Chengdu,2014,SO2,POWER_INDUSTRY
2014-11-15,18981.877,Chengdu,2014,SO2,POWER_INDUSTRY
2014-12-15,21849.889,Chengdu,2014,SO2,POWER_INDUSTRY
2015-01-15,21533.281,Chengdu,2015,SO2,POWER_INDUSTRY
2015-02-15,15138.891,Chengdu,2015,SO2,POWER_INDUSTRY
2015-03-15,18153.639,Chengdu,2015,SO2,POWER_INDUSTRY
2015-04-15,17691.0,Chengdu,2015,SO2,POWER_INDUSTRY
2015-05-15,17864.76,Chengdu,2015,SO2,POWER_INDUSTRY
2015-06-15,17445.562,Chengdu,2015,SO2,POWER_INDUSTRY
2015-07-15,18963.797,Chengdu,2015,SO2,POWER_INDUSTRY
2015-08-15,19576.303,Chengdu,2015,SO2,POWER_INDUSTRY
2015-09-15,16340.012,Chengdu,2015,SO2,POWER_INDUSTRY
2015-10-15,16161.906,Chengdu,2015,SO2,POWER_INDUSTRY
2015-11-15,18331.742,Chengdu,2015,SO2,POWER_INDUSTRY
2015-12-15,19999.844,Chengdu,2015,SO2,POWER_INDUSTRY
